id,fname,lname,real_id,status,created_at,updated_at,gender
1,Drew,Barrymore,37,ACTIVE,2020-09-28 16:02:06.743804,,Male
2,Brad,Horet,38,ACTIVE,2020-10-28 16:02:06.743804,,Male
3,Tim,Howard,47,ACTIVE,2020-12-22 16:02:06.743804,,Male
4,Ravi,Kumar,48,ACTIVE,2021-01-28 16:02:06.743804,,Male
5,Brock,Taward,50,ACTIVE,2021-02-22 16:02:06.743804,,Male
6,Logan,Paul,57,ACTIVE,2021-02-24 16:02:06.743804,,Male
7,Girija,Drey,67,ACTIVE,2021-03-12 16:02:06.743804,,Female
8,String,Barry,77,ACTIVE,2021-04-28 16:02:06.743804,,Male
9,Tru,Stingman,87,ACTIVE,2021-05-28 16:02:06.743804,,Male
10,Bare,Leeward,97,ACTIVE,2021-06-28 16:02:06.743804,,Male
11,Warren,Buffer,101,ACTIVE,2021-07-28 16:02:06.743804,,Male
12,Ram,Teja,111,ACTIVE,2021-08-12 16:02:06.743804,,Male
13,Tinker,Bell,113,ACTIVE,2021-08-18 16:02:06.743804,,Female
14,Rorren,Tuffer,115,ACTIVE,2021-08-28 16:02:06.743804,,Male
15,Garry,Kasparob,117,ACTIVE,2021-09-15 16:02:06.743804,,Male
16,Wern,Tofer,119,ACTIVE,2021-10-13 16:02:06.743804,,Male
17,Gret,Stoner,121,ACTIVE,2021-10-26 16:02:06.743804,,Male
18,Sting,Supara,131,ACTIVE,2021-10-27 16:02:06.743804,,Female
19,Jaya,Lakshmi,142,ACTIVE,2021-10-28 16:02:06.743804,,Female
20,Sundar,Pichai,163,ACTIVE,2021-10-29 16:42:06.743804,2021-10-29 16:48:06.743804,Male
21,David,Becham,152,ACTIVE,2021-11-01 11:02:06.743804,2021-11-01 11:02:06.743804,Male
22,Ramya,Panicker,164,ACTIVE,2021-11-01 11:02:06.743804,2021-11-01 11:02:06.743804,Female
